country;year;value;
Melanesia;;;
·  Fiji;2000;*   50,06;
·  Fiji;2001;*   40,44;
·  Fiji;2002;*   48,98;
·  Fiji;2003;*   40,83;
·  Fiji;2004;*   35,72;
·  Fiji;2005;*   40,02;
·  Fiji;2006;*   39,07;
·  Fiji;2007;*   36,04;
·  Fiji;2008;*   42,13;
·  Fiji;2009;*   41,62;
·  Fiji;2010;*   27,95;
·  Fiji;2011;*   33,38;
·  Fiji;2012;*   33,26;
·  Fiji;2013;*   32,81;
·  Fiji;2014;*   33,17;
·  Fiji;2015;*   28,55;
·  Fiji;2016;*   24,64;
·  Fiji;2017;*   26,03;
·  Fiji;2018;*   24,41;
·  Fiji;2019;*   24,78;
·  Fiji;2020;*   25,03;
·  Fiji;2021;*   29,92;
·  Fiji;2022;*   26,67;
·  New Caledonia;2000;*   7,54;
·  New Caledonia;2001;*   6,72;
·  New Caledonia;2002;*   5,28;
·  New Caledonia;2003;*   4,93;
·  New Caledonia;2004;*   5,2;
·  New Caledonia;2005;*   5,08;
·  New Caledonia;2006;*   4,52;
·  New Caledonia;2007;*   5,82;
·  New Caledonia;2008;*   7,78;
·  New Caledonia;2009;*   6,95;
·  New Caledonia;2010;*   4,85;
·  New Caledonia;2011;*   5,93;
·  New Caledonia;2012;*   6,17;
·  New Caledonia;2013;*   6,56;
·  New Caledonia;2014;*   4,29;
·  New Caledonia;2015;*   5,09;
·  New Caledonia;2016;*   3,7;
·  New Caledonia;2017;*   5,1;
·  New Caledonia;2018;*   4,63;
·  New Caledonia;2019;*   5,24;
·  New Caledonia;2020;*   6,06;
·  New Caledonia;2021;*   8,33;
·  New Caledonia;2022;*   9,6;
·  Papua New Guinea;2000;*   66,38;
·  Papua New Guinea;2001;*   63,44;
·  Papua New Guinea;2002;*   62,49;
·  Papua New Guinea;2003;*   60,52;
·  Papua New Guinea;2004;*   57,6;
·  Papua New Guinea;2005;*   58,56;
·  Papua New Guinea;2006;*   58,86;
·  Papua New Guinea;2007;*   56,92;
·  Papua New Guinea;2008;*   56,85;
·  Papua New Guinea;2009;*   55,99;
·  Papua New Guinea;2010;*   55,19;
·  Papua New Guinea;2011;*   54,63;
·  Papua New Guinea;2012;*   55,29;
·  Papua New Guinea;2013;*   56,38;
·  Papua New Guinea;2014;*   54,91;
·  Papua New Guinea;2015;*   53,28;
·  Papua New Guinea;2016;*   52,72;
·  Papua New Guinea;2017;*   52,52;
·  Papua New Guinea;2018;*   51,19;
·  Papua New Guinea;2019;*   51,09;
·  Papua New Guinea;2020;*   51,39;
·  Papua New Guinea;2021;*   51,62;
·  Papua New Guinea;2022;*   50,78;
·  Solomon Islands;2000;*   55,26;
·  Solomon Islands;2001;*   54,14;
·  Solomon Islands;2002;*   52,82;
·  Solomon Islands;2003;*   51,46;
·  Solomon Islands;2004;*   49,91;
·  Solomon Islands;2005;*   49,7;
·  Solomon Islands;2006;*   48,93;
·  Solomon Islands;2007;*   47,42;
·  Solomon Islands;2008;*   46,69;
·  Solomon Islands;2009;*   45,79;
·  Solomon Islands;2010;*   45,07;
·  Solomon Islands;2011;*   43,61;
·  Solomon Islands;2012;*   43,82;
·  Solomon Islands;2013;*   41,83;
·  Solomon Islands;2014;*   45,89;
·  Solomon Islands;2015;*   48,64;
·  Solomon Islands;2016;*   48,7;
·  Solomon Islands;2017;*   48,98;
·  Solomon Islands;2018;*   48,64;
·  Solomon Islands;2019;*   48,36;
·  Solomon Islands;2020;*   49,03;
·  Solomon Islands;2021;*   49,13;
·  Solomon Islands;2022;*   50,08;
·  Vanuatu;2000;*   49,49;
·  Vanuatu;2001;*   51,26;
·  Vanuatu;2002;*   53,33;
·  Vanuatu;2003;*   52,73;
·  Vanuatu;2004;*   55,36;
·  Vanuatu;2005;*   54,91;
·  Vanuatu;2006;*   55,28;
·  Vanuatu;2007;*   51,61;
·  Vanuatu;2008;*   52,06;
·  Vanuatu;2009;*   38,66;
·  Vanuatu;2010;*   38,08;
·  Vanuatu;2011;*   35,75;
·  Vanuatu;2012;*   38,98;
·  Vanuatu;2013;*   40,92;
·  Vanuatu;2014;*   31,51;
·  Vanuatu;2015;*   35,62;
·  Vanuatu;2016;*   33,1;
·  Vanuatu;2017;*   35,35;
·  Vanuatu;2018;*   29,4;
·  Vanuatu;2019;*   31,52;
·  Vanuatu;2020;*   25,91;
·  Vanuatu;2021;*   24,25;
·  Vanuatu;2022;*   27,56;
Micronesia;;;
·  Guam;2000;*   0,41;
·  Guam;2001;*   0,41;
·  Guam;2002;*   0,45;
·  Guam;2003;*   0,5;
·  Guam;2004;*   0,46;
·  Guam;2005;*   0,45;
·  Guam;2006;*   0,45;
·  Guam;2007;*   0,45;
·  Guam;2008;*   0,45;
·  Guam;2009;*   0,46;
·  Guam;2010;*   0,47;
·  Guam;2011;*   0,49;
·  Guam;2012;*   0,53;
·  Guam;2013;*   0,59;
·  Guam;2014;*   0,67;
·  Guam;2015;*   2,32;
·  Guam;2016;*   4,38;
·  Guam;2017;*   3,9;
·  Guam;2018;*   4,49;
·  Guam;2019;*   4,47;
·  Guam;2020;*   4,58;
·  Guam;2021;*   4,5;
·  Guam;2022;*   6,52;
·  Kiribati;2000;*   54,73;
·  Kiribati;2001;*   56,39;
·  Kiribati;2002;*   53,05;
·  Kiribati;2003;*   50,52;
·  Kiribati;2004;*   50,55;
·  Kiribati;2005;*   48,51;
·  Kiribati;2006;*   48,12;
·  Kiribati;2007;*   48,42;
·  Kiribati;2008;*   49,74;
·  Kiribati;2009;*   50,44;
·  Kiribati;2010;*   50,14;
·  Kiribati;2011;*   50,51;
·  Kiribati;2012;*   48,73;
·  Kiribati;2013;*   46,16;
·  Kiribati;2014;*   47,98;
·  Kiribati;2015;*   47,48;
·  Kiribati;2016;*   48,1;
·  Kiribati;2017;*   42,51;
·  Kiribati;2018;*   42,31;
·  Kiribati;2019;*   42,19;
·  Kiribati;2020;*   42,24;
·  Kiribati;2021;*   42,23;
·  Kiribati;2022;*   41,86;
·  Marshall Islands;2000;*   19,57;
·  Marshall Islands;2001;*   19,08;
·  Marshall Islands;2002;*   18,63;
·  Marshall Islands;2003;*   18,56;
·  Marshall Islands;2004;*   18,4;
·  Marshall Islands;2005;*   18,38;
·  Marshall Islands;2006;*   16,96;
·  Marshall Islands;2007;*   15,21;
·  Marshall Islands;2008;*   14,78;
·  Marshall Islands;2009;*   13,96;
·  Marshall Islands;2010;*   13,72;
·  Marshall Islands;2011;*   12,35;
·  Marshall Islands;2012;*   12,03;
·  Marshall Islands;2013;*   12,37;
·  Marshall Islands;2014;*   11,74;
·  Marshall Islands;2015;*   11,32;
·  Marshall Islands;2016;*   11,75;
·  Marshall Islands;2017;*   11,74;
·  Marshall Islands;2018;*   11,72;
·  Marshall Islands;2019;*   11,7;
·  Marshall Islands;2020;*   11,62;
·  Marshall Islands;2021;*   11,89;
·  Marshall Islands;2022;*   11,68;
·  Micronesia (Federated States of);2000;*   1,27;
·  Micronesia (Federated States of);2001;*   1,41;
·  Micronesia (Federated States of);2002;*   1,6;
·  Micronesia (Federated States of);2003;*   0,86;
·  Micronesia (Federated States of);2004;*   1,02;
·  Micronesia (Federated States of);2005;*   1,35;
·  Micronesia (Federated States of);2006;*   1,37;
·  Micronesia (Federated States of);2007;*   1,19;
·  Micronesia (Federated States of);2008;*   1,44;
·  Micronesia (Federated States of);2009;*   1,15;
·  Micronesia (Federated States of);2010;*   1,95;
·  Micronesia (Federated States of);2011;*   1,57;
·  Micronesia (Federated States of);2012;*   1,42;
·  Micronesia (Federated States of);2013;*   1,41;
·  Micronesia (Federated States of);2014;*   1,51;
·  Micronesia (Federated States of);2015;*   1,71;
·  Micronesia (Federated States of);2016;*   1,87;
·  Micronesia (Federated States of);2017;*   1,72;
·  Micronesia (Federated States of);2018;*   2;
·  Micronesia (Federated States of);2019;*   1,98;
·  Micronesia (Federated States of);2020;*   1,89;
·  Micronesia (Federated States of);2021;*   1,84;
·  Micronesia (Federated States of);2022;*   2,05;
·  Naoero;2000;*   0;
·  Naoero;2001;*   0;
·  Naoero;2002;*   0;
·  Naoero;2003;*   0;
·  Naoero;2004;*   0;
·  Naoero;2005;*   0;
·  Naoero;2006;*   0,07;
·  Naoero;2007;*   0,08;
·  Naoero;2008;*   0,08;
·  Naoero;2009;*   0,04;
·  Naoero;2010;*   0,03;
·  Naoero;2011;*   0,05;
·  Naoero;2012;*   0,07;
·  Naoero;2013;*   0,06;
·  Naoero;2014;*   0,05;
·  Naoero;2015;*   0,1;
·  Naoero;2016;*   0,18;
·  Naoero;2017;*   0,6;
·  Naoero;2018;*   0,66;
·  Naoero;2019;*   0,59;
·  Naoero;2020;*   1,34;
·  Naoero;2021;*   1,72;
·  Naoero;2022;*   1,75;
·  Northern Mariana Islands;2000;*   0;
·  Northern Mariana Islands;2001;*   0;
·  Northern Mariana Islands;2002;*   0;
·  Northern Mariana Islands;2003;*   0;
·  Northern Mariana Islands;2004;*   0;
·  Northern Mariana Islands;2005;*   0;
·  Northern Mariana Islands;2006;*   0;
·  Northern Mariana Islands;2007;*   0;
·  Northern Mariana Islands;2008;*   0;
·  Northern Mariana Islands;2009;*   0;
·  Northern Mariana Islands;2010;*   0;
·  Northern Mariana Islands;2011;*   0;
·  Northern Mariana Islands;2012;*   0;
·  Northern Mariana Islands;2013;*   0;
·  Northern Mariana Islands;2014;*   0;
·  Northern Mariana Islands;2015;*   0;
·  Northern Mariana Islands;2016;*   0;
·  Northern Mariana Islands;2017;*   0;
·  Northern Mariana Islands;2018;*   0;
·  Northern Mariana Islands;2019;*   0;
·  Northern Mariana Islands;2020;*   0,51;
·  Northern Mariana Islands;2021;*   0,67;
·  Northern Mariana Islands;2022;*   0,69;
·  Palau;2000;*   0;
·  Palau;2001;*   0;
·  Palau;2002;*   0;
·  Palau;2003;*   0;
·  Palau;2004;*   0;
·  Palau;2005;*   0;
·  Palau;2006;*   0;
·  Palau;2007;*   0;
·  Palau;2008;*   0;
·  Palau;2009;*   0;
·  Palau;2010;*   0;
·  Palau;2011;*   0;
·  Palau;2012;*   0;
·  Palau;2013;*   0;
·  Palau;2014;*   0,27;
·  Palau;2015;*   0,37;
·  Palau;2016;*   0,57;
·  Palau;2017;*   0,56;
·  Palau;2018;*   0,59;
·  Palau;2019;*   0,56;
·  Palau;2020;*   0,58;
·  Palau;2021;*   0,58;
·  Palau;2022;*   0,58;
Polynesia;;;
·  American Samoa;2000;*   0;
·  American Samoa;2001;*   0;
·  American Samoa;2002;*   0;
·  American Samoa;2003;*   0;
·  American Samoa;2004;*   0;
·  American Samoa;2005;*   0;
·  American Samoa;2006;*   0;
·  American Samoa;2007;*   0;
·  American Samoa;2008;*   0;
·  American Samoa;2009;*   0;
·  American Samoa;2010;*   0;
·  American Samoa;2011;*   0;
·  American Samoa;2012;*   0,09;
·  American Samoa;2013;*   0,16;
·  American Samoa;2014;*   0,16;
·  American Samoa;2015;*   0,17;
·  American Samoa;2016;*   0,21;
·  American Samoa;2017;*   0,56;
·  American Samoa;2018;*   0,57;
·  American Samoa;2019;*   0,53;
·  American Samoa;2020;*   0,5;
·  American Samoa;2021;*   0,5;
·  American Samoa;2022;*   0,49;
·  Cook Islands;2000;*   9,28;
·  Cook Islands;2001;*   9,9;
·  Cook Islands;2002;*   12,25;
·  Cook Islands;2003;*   11,07;
·  Cook Islands;2004;*   10,4;
·  Cook Islands;2005;*   9,42;
·  Cook Islands;2006;*   8,42;
·  Cook Islands;2007;*   8,71;
·  Cook Islands;2008;*   8,42;
·  Cook Islands;2009;*   9,01;
·  Cook Islands;2010;*   7,25;
·  Cook Islands;2011;*   6,52;
·  Cook Islands;2012;*   6,17;
·  Cook Islands;2013;*   6,32;
·  Cook Islands;2014;*   6,26;
·  Cook Islands;2015;*   7,18;
·  Cook Islands;2016;*   7,74;
·  Cook Islands;2017;*   8;
·  Cook Islands;2018;*   9,39;
·  Cook Islands;2019;*   9,02;
·  Cook Islands;2020;*   9,94;
·  Cook Islands;2021;*   8,76;
·  Cook Islands;2022;*   8,52;
·  French Polynesia;2000;*   8,48;
·  French Polynesia;2001;*   6,37;
·  French Polynesia;2002;*   5,87;
·  French Polynesia;2003;*   6,79;
·  French Polynesia;2004;*   7,54;
·  French Polynesia;2005;*   7,58;
·  French Polynesia;2006;*   9,49;
·  French Polynesia;2007;*   9,21;
·  French Polynesia;2008;*   8,78;
·  French Polynesia;2009;*   8,76;
·  French Polynesia;2010;*   7,37;
·  French Polynesia;2011;*   6,82;
·  French Polynesia;2012;*   6,64;
·  French Polynesia;2013;*   6,49;
·  French Polynesia;2014;*   7,45;
·  French Polynesia;2015;*   7,83;
·  French Polynesia;2016;*   8,08;
·  French Polynesia;2017;*   8,07;
·  French Polynesia;2018;*   7,71;
·  French Polynesia;2019;*   7,65;
·  French Polynesia;2020;*   8,24;
·  French Polynesia;2021;*   7,44;
·  French Polynesia;2022;*   8,66;
·  French Polynesia;2023;*   8,9;
·  Niue;2000;*   0,6;
·  Niue;2001;*   0,58;
·  Niue;2002;*   0,63;
·  Niue;2003;*   0,71;
·  Niue;2004;*   0,79;
·  Niue;2005;*   0,83;
·  Niue;2006;*   0,79;
·  Niue;2007;*   0,96;
·  Niue;2008;*   0,57;
·  Niue;2009;*   0,87;
·  Niue;2010;*   1,38;
·  Niue;2011;*   1,27;
·  Niue;2012;*   1,19;
·  Niue;2013;*   1,17;
·  Niue;2014;*   1,16;
·  Niue;2015;*   1,11;
·  Niue;2016;*   1,05;
·  Niue;2017;*   1,07;
·  Niue;2018;*   3,02;
·  Niue;2019;*   3,01;
·  Niue;2020;*   3,08;
·  Niue;2021;*   3;
·  Niue;2022;*   2,8;
·  Samoa;2000;*   59,69;
·  Samoa;2001;*   52,41;
·  Samoa;2002;*   49,58;
·  Samoa;2003;*   52,41;
·  Samoa;2004;*   48,82;
·  Samoa;2005;*   48,89;
·  Samoa;2006;*   45,96;
·  Samoa;2007;*   43,18;
·  Samoa;2008;*   45;
·  Samoa;2009;*   43,17;
·  Samoa;2010;*   41,93;
·  Samoa;2011;*   40,64;
·  Samoa;2012;*   40,21;
·  Samoa;2013;*   42,7;
·  Samoa;2014;*   41,43;
·  Samoa;2015;*   37,06;
·  Samoa;2016;*   36,78;
·  Samoa;2017;*   35,23;
·  Samoa;2018;*   35,58;
·  Samoa;2019;*   33,75;
·  Samoa;2020;*   33,84;
·  Samoa;2021;*   30,54;
·  Samoa;2022;*   31,75;
·  Tonga;2000;*   2,48;
·  Tonga;2001;*   2,7;
·  Tonga;2002;*   2,48;
·  Tonga;2003;*   2,01;
·  Tonga;2004;*   2,15;
·  Tonga;2005;*   2,15;
·  Tonga;2006;*   1,86;
·  Tonga;2007;*   2,16;
·  Tonga;2008;*   2,37;
·  Tonga;2009;*   2,05;
·  Tonga;2010;*   0,96;
·  Tonga;2011;*   1,1;
·  Tonga;2012;*   1,1;
·  Tonga;2013;*   1,54;
·  Tonga;2014;*   1,68;
·  Tonga;2015;*   2;
·  Tonga;2016;*   1,7;
·  Tonga;2017;*   1,74;
·  Tonga;2018;*   1,69;
·  Tonga;2019;*   1,68;
·  Tonga;2020;*   2,55;
·  Tonga;2021;*   2,4;
·  Tonga;2022;*   2,08;
·  Tuvalu;2000;*   0,04;
·  Tuvalu;2001;*   0,03;
·  Tuvalu;2002;*   0,02;
·  Tuvalu;2003;*   0,03;
·  Tuvalu;2004;*   0,02;
·  Tuvalu;2005;*   0,02;
·  Tuvalu;2006;*   0,02;
·  Tuvalu;2007;*   0,02;
·  Tuvalu;2008;*   0,2;
·  Tuvalu;2009;*   0,25;
·  Tuvalu;2010;*   0,45;
·  Tuvalu;2011;*   0,21;
·  Tuvalu;2012;*   0,27;
·  Tuvalu;2013;*   0,7;
·  Tuvalu;2014;*   0,65;
·  Tuvalu;2015;*   2,98;
·  Tuvalu;2016;*   7,27;
·  Tuvalu;2017;*   6,98;
·  Tuvalu;2018;*   6,03;
·  Tuvalu;2019;*   6,12;
·  Tuvalu;2020;*   6,31;
·  Tuvalu;2021;*   5,38;
·  Tuvalu;2022;*   5,52;
·  Wallis and Futuna;2000;*   3,89;
·  Wallis and Futuna;2001;*   4,46;
·  Wallis and Futuna;2002;*   4,49;
·  Wallis and Futuna;2003;*   4,67;
·  Wallis and Futuna;2004;*   3,81;
·  Wallis and Futuna;2005;*   3,74;
·  Wallis and Futuna;2006;*   3,69;
·  Wallis and Futuna;2007;*   3,55;
·  Wallis and Futuna;2008;*   3,66;
·  Wallis and Futuna;2009;*   3,63;
·  Wallis and Futuna;2010;*   3,67;
·  Wallis and Futuna;2011;*   3,62;
·  Wallis and Futuna;2012;*   3,78;
·  Wallis and Futuna;2013;*   3,96;
·  Wallis and Futuna;2014;*   4,01;
·  Wallis and Futuna;2015;*   3,99;
·  Wallis and Futuna;2016;*   3,81;
·  Wallis and Futuna;2017;*   3,85;
·  Wallis and Futuna;2018;*   3,72;
·  Wallis and Futuna;2019;*   3,58;
·  Wallis and Futuna;2020;*   3,49;
·  Wallis and Futuna;2021;*   3,52;
·  Wallis and Futuna;2022;*   3,38;
;;;
;;;
;;;
;;;
;;;
© Terms & conditions ;;;Sustainable Development Goals (all)
